{
  "fitted": true,
  "scalar_means": [
    0.9304999858140945,
    123720.95372314453,
    0.30190000161528585,
    1.0390000104904176,
    13.287799906730651
  ],
  "scalar_stds": [
    0.3830541061539492,
    214414.47148639124,
    0.10369614508307907,
    0.04058077818225434,
    13.093396372358908
  ],
  "histogram_indices": {
    "A3": [
      5,
      6,
      7,
      8,
      9,
      10,
      11,
      12,
      13,
      14
    ],
    "D1": [
      15,
      16,
      17,
      18,
      19,
      20,
      21,
      22,
      23,
      24
    ],
    "D2": [
      25,
      26,
      27,
      28,
      29,
      30,
      31,
      32,
      33,
      34
    ],
    "D3": [
      35,
      36,
      37,
      38,
      39,
      40,
      41,
      42,
      43,
      44
    ]
  },
  "scalar_names": [
    "surface_area",
    "compactness",
    "aabb_volume",
    "diameter",
    "elongation"
  ],
  "histogram_names": [
    "A3",
    "D1",
    "D2",
    "D3"
  ],
  "feature_count": 45,
  "version": "1.0"
}