feature,mean,std
volume,0.048637681159420285,0.13194014574188972
aabb_volume,0.2273913043478261,0.20386434942839785
compactness,425497.3593043479,2184045.7525328253
diameter,1.0740217391304347,0.12548257384595046
convexity,0.3401159420289855,0.5506916872293723
eccentricity,230.08826811594207,1638.7519568407715
