feature,mean,std
volume,0.005438683948155534,0.1044517041677739
aabb_volume,0.23243668993020938,0.19292166395855329
compactness,1.642404520919827e+37,6.786439978140001e+38
diameter,1.071387337986042,0.1011495936635315
convexity,0.06977866400797607,0.5536256621058883
eccentricity,68.60139631106681,488.84441819668126
